<?xml version="1.0" encoding="utf-8"?>
<!DOCTYPE hibernate-configuration PUBLIC
"-//Hibernate/Hibernate Configuration DTD 3.0//EN"
"http://hibernate.sourceforge.net/hibernate-configuration-3.0.dtd">
<hibernate-configuration>
    <session-factory>
       <property name="hibernate.connection.driver_class">com.mysql.jdbc.Driver</property>
		<property name="hibernate.connection.url">jdbc:mysql://localhost:3306/training?useSSL=false</property>
		<property name="hibernate.connection.username">root</property>
		<property name="hibernate.connection.password">Calcutta202012$</property>
		<property name="hibernate.dialect">org.hibernate.dialect.MySQL8Dialect</property>
		<property name="show_sql">true</property>
		<property name="hbm2ddl.auto">update</property>
		<property name="hibernate.current_session_context_class">thread</property>
        <mapping class="com.howtodoinjava.hibernate.manyToMany.joinTable.ReaderEntity"/>
        <mapping class="com.howtodoinjava.hibernate.manyToMany.joinTable.SubscriptionEntity"/>
    </session-factory>
</hibernate-configuration>