<?xml version="1.0" encoding="UTF-8"?>
<!DOCTYPE hibernate-mapping PUBLIC 
"-//Hibernate/Hibernate Mapping DTD 3.0//EN"
"http://hibernate.sourceforge.net/hibernate-mapping-3.0.dtd">

<hibernate-mapping>
    <class name="com.kb.model.Employee" table="employee">
        <id name="Id" type="int" column="emp_id">
            <generator class="increment" />
        </id>
        <property name="firstName">
            <column name="emp_fname" />
        </property>
        <property name="lastName">
            <column name="emp_lname" />
        </property>
        <property name="email">
            <column name="emp_mail" />
        </property>
        <property name="address">
            <column name="emp_address" />
        </property>
        <property name="pan">
            <column name="emp_pan" />
        </property>
    </class>
    
    <query name="findUserByFirstName">  
<![CDATA[from User u where u.firstName = :firstName]]>  
</query>  
</hibernate-mapping>